city,longitude,latitude
aalborg,9.9215263,57.0462626
bagdad,44.3872213,33.3061701
cairns,145.7721854,-16.9206657
daca,90.389015,23.7644025
edimburgo,-3.1883749,55.9533456
fairbanks,-147.66991691593407,64.82897449999999
gainesville,-82.3249846,29.6519684
hagen,7.473296,51.3582945
iliamna,-154.8230265,59.7532274
jackson,-90.1830408,32.2998686
kabul,69.1776838,34.5260109
la ceiba,-86.7917749,15.7833743
maastricht,5.6909768,50.8512438
n'djamena,15.0502758,12.1191543
oakland,-122.271356,37.8044557
pago pago,-170.7048298,-14.2754786
qingdao,120.3192081,36.0637967
rabat,-6.8340222,34.02236
saarbrücken,6.996379,49.234362
tabriz,46.2978789,38.0738612
ube,131.2472243,33.9518498
vaasa,21.479812522296804,63.081820949999994
wabush,-66.8701732,52.8999927
xiamen,118.0853479,24.4801069
yakima,-120.510842,46.601557
zacatecas,-102.9333954,23.0916177
aarhus,10.2134046,56.1496278
bagdad,44.3872213,33.3061701
cajamarca,-78.833333,-6.25
dakar,-17.447938,14.693425
edmonton,-113.491241,53.5462055
fargo,-96.789821,46.877229
galena,-90.4294726,42.4157304
haikou,110.1956502,20.0462328
indianápolis,-86.1583502,39.7683331
jackson,-90.1830408,32.2998686
kaduna,7.8533226,10.3825318
la crosse,-91.2514355,43.8122836
macon,-83.6324022,32.8406946
nadi,177.4178549,-17.7992725
oaxaca,-96.5,17.0
palembang,104.7568507,-2.9888243
quebec,-71.8258668,52.4760892
rabaul,152.1728287,-4.1984592
sacramento,-121.493895,38.5810606
tabuk,37.6328648,28.3251866
ukiah,-123.2077861,39.1501662
valdosta,-83.2784851,30.8327022
waco,-97.1474628,31.5491899
xi'an,108.9423363,34.261004
yakutat,-139.3429439,59.6391781
zagreb,15.9772795,45.8130967
abadán,48.2591475,30.3636097
calama,-68.9272181,-22.4623917
dalaman,110.5743027,-7.4090373
eek,-162.03049850752097,60.2158285
faro,-7.9351771,37.0162727
garoua,13.3934527,9.3070698
hail,41.4892578,26.9920987
innsbruck,11.3927685,47.2654296
jacksonville,-81.655651,30.3321838
kagoshima,130.5474077,31.521587
la grande,-118.0878695,45.3246068
madison,-89.3837613,43.074761
nagasaki,129.7874339,33.1154683
oita,131.6096524,33.2393864
palermo,13.3524434,38.1112268
quetta,67.0172447,30.1957677
raleigh,-78.6390989,35.7803977
tacna,-70.2511032,-18.01386
ulán bator,106.91796375225584,47.940974049999994
valencia,-0.3763353,39.4697065
washington,-120.212613,47.2868352
yamagata,140.083237,38.4746705
zahedán,60.8503017,29.4928874
abakán,91.4406019,53.72068
bakersfield,-119.019463,35.3738712
calcuta,88.3638953,22.5726459
dalian,122.255833,39.740278
eilat,34.94527476661743,29.554030599999997
fayetteville,-94.1574328,36.0625843
gassim,43.77196743219777,26.30056745
hakodate,140.729008,41.768793
inuvik,-133.720386,68.3602632
jaipur,75.8189817,26.9154576
kahului,-156.4727118,20.8894101
la habana,-82.3589631,23.135305
madrás,-121.129487,44.6334544
nagoya,136.8998438,35.1851045
okayama,133.7759256,34.8581334
palm springs,-116.540303,33.8246269
quinhagak,-161.8972349,59.7506428
rangún,96.1609916,16.7967129
saipán,145.746743003024,15.1909825
taegu,128.6018,35.8713
umea,20.2630745,63.8256568
valencia,-0.3763353,39.4697065
washington,-120.212613,47.2868352
yantai,121.4425255,37.461928
zanzíbar,39.32095346946217,-6.0999709499999994
aberdeen,-2.0928095,57.1482429
balmaceda,-71.6997225,-45.9093931
calgary,-114.057541,51.0456064
dallas,-96.7968559,32.7762719
eindhoven,5.478633,51.4392648
fayetteville,-94.1574328,36.0625843
gauhati,91.753943,26.1805978
halifax,-63.5859487,44.648618
ipoh,101.0900236,4.5986817
janesville,-89.0226793,42.6829765
kailua,-155.95643656658336,19.663401
la paz,-68.1336229,-16.4955455
madrid,-3.7035825,40.4167047
nairobi,36.8172449,-1.2832533
okinawa,128.0255901,26.5707754
palma de mallorca,2.7092683401782343,39.58125245
quito,-78.5123274,-0.2201641
rapid city,-103.228023,44.0806041
taichung,120.6478282,24.163162
unalakleet,-160.7880556,63.8730556
valera,10.2848985,44.799253
washington,-120.212613,47.2868352
yellowknife,-114.377385,62.4540807
zaragoza,-0.8809428,41.6521342
aberdeen,-2.0928095,57.1482429
baltimore,-76.610759,39.2908816
cali,-76.5328732,3.4519238
dallas,-96.7968559,32.7762719
el paso,-106.4870404,31.7601164
fez,9.492583950436877,47.66777675
gemena,19.7750831,3.2549286
hall beach,-81.2439606,68.7927301
iqaluit,-68.5213763,63.7492738
jersey,-2.1358386,49.2214561
kalamazoo,-85.5872286,42.291707
la paz (méx.),-98.94631359855612,19.36376855
magadán,150.7988617,59.5604768
nairobi,36.8172449,-1.2832533
omaha,-95.9383758,41.2587459
papeete,-149.5659964,-17.5373835
querétaro,-99.8837376,20.8052225
rarotonga,-159.77747437744517,-21.236831199999997
salt lake city,-111.886797,40.7596198
taif,-14.401021,16.4420887
urumqi,87.319461,43.419754
valladolid,-4.728605,41.6521807
watson lake,-128.7068037,60.0624306
yinchuan,106.2261926,38.4852037
zaragoza,-0.8809428,41.6521342
abha,42.5043596,18.2164282
baltimore,-76.610759,39.2908816
calicut,75.7754716,11.2450558
damasco,-91.6027438,17.1634131
el salvador,-88.9140683,13.8000382
fillmore,-92.0636359,43.6466588
génova,8.9338624,44.40726
hamburgo,10.000654,53.550341
iquique,-70.1524646,-20.2140657
jinan,116.534208,31.7517806
kalispell,-114.315321,48.202158
labuan,115.2198613,5.3168336
maiduguri,13.1536214,11.8395375
nanchang,115.8540042,28.687547
ontario,-86.000977,50.000678
paphos,32.4231586,34.7743988
quintana roo,-88.5000001,19.6666671
recife,-34.8848193,-8.0584933
saltillo,-100.9927509,25.4230425
taipéi,121.5636796,25.0375198
uagadugú,-1.5270944,12.3681873
vancouver,-123.113952,49.2608724
wausau,-89.6272791,44.9597858
yurimaguas,-76.1046533,-5.8951672
zhanjiang,110.3548318,21.2737079
abilene,-99.7475905,32.44645
bamako,-7.984739136241295,12.61326555
calvi,8.7590528,42.5677079
danville,-87.6304614,40.125222
elko,-115.3272864,41.1958128
florencia,11.2556404,43.7697955
ginebra,6.1466014,46.2017559
hamilton,-79.8728583,43.2560802
iron mountain,-88.06596,45.820233
johannesburgo,28.049722,-26.205
kalskag,-160.3149144,61.5377005
lae,147.0008109,-6.7301976
majuro,171.3816354,7.0909924
nancy,6.1834097,48.6937223
orán,-0.6502981,35.7044415
paramaribo,-55.1703941,5.8247628
red devil,-157.35484000764438,61.785341
salvador,-88.9140683,13.8000382
taipéi,121.5636796,25.0375198
västerås,16.5463679,59.6110992
wellington,174.7772114,-41.2887953
zhengzhou,107.2297041,23.246071
abiyán,-4.016107,5.320357
bandar abbas,56.2781423,27.1793466
cambridge bay,-105.0603881,69.1178442
dar es salaam,39.2803583,-6.8160837
ely,0.262039,52.3990199
florencia,11.2556404,43.7697955
gladewater,-94.9427169,32.5365333
hampton,-76.3442846,37.0264414
isfahan,51.6650002,32.6707877
johor bahru,103.7495586,1.503555
kaltag,-158.74209777549208,64.3176675
lafayette,-83.2221527,29.9978185
málaga,-4.4216366,36.7213028
nanisivik,-84.5406949,73.0348909
örebro,15.2151181,59.2747287
paramaribo,-55.1703941,5.8247628
redding,-122.391675,40.5863563
salzburgo,13.0464806,47.7981346
taiyuan,112.5452739,37.870009
växjö,14.8050364,56.8765384
wenatchee,-120.310349,47.4234599
yibuti,43.1472724,11.5936903
zihuatanejo,-101.551974,17.6467874
abu dabi,54.3774014,24.4538352
bandar seri begawan,114.9417574,4.8895453
campo grande,-54.6162947,-20.4640173
darwin,130.8410469,-12.46044
enschede,6.8940537,52.2209855
flores,120.59815014764581,-8.50998605
glasgow,-4.2501687,55.861155
hangzhou,120.2052342,30.2489634
isiro,27.6208169,2.7742702
jönköping,14.165719,57.7825634
kanab,-112.5285237,37.0481715
lagos,3.3941795,6.4550575
malé,9.1668764,46.0726871
nanjing,118.7788631,32.0438284
orlando,-81.3790304,28.5421109
parís,2.3483915,48.8534951
regina,-104.6158764,50.4479733
san angelo,-100.4405094,31.4649685
takamatsu,134.0465338,34.3425592
venecia,12.3345898,45.4371908
west palm beach,-80.0532942,26.715364
yakarta,106.8270488,-6.175247
zúrich,8.5410422,47.3744489
abuya,7.4892974,9.0643305
bangalore,77.590082,12.9767936
canaima,-63.1794655,10.6268452
dávao,125.6080623,7.0648306
entebbe,32.4698564,0.0611715
fort de francia,1.3304937,43.2191091
glasgow,-4.2501687,55.861155
hanoi,105.854041,21.0283334
isla de pascua,-109.3495887115113,-27.12593175
juanjui,-76.7508655425741,-7.27200325
kananga,22.408589,-5.8951725
laguna beach,-117.785366,33.5426975
malmö,13.0001566,55.6052931
nanning,108.3627211,22.8193063
osaka,135.490357,34.6198813
parís,2.3483915,48.8534951
reikiavik,-21.9422367,64.145981
san antonio,-98.4951405,29.4246002
talara,-81.2718335,-4.5796872
venecia,12.3345898,45.4371908
westchester,-73.7907554,41.1763139
yakarta,106.8270488,-6.175247
acapulco,-99.8940182,16.8680495
bangkok,100.4935089,13.7524938
cancún,-86.8425761,21.1527467
dayton,-84.1916069,39.7589478
ercan,11.420695,47.2689743
fort pierce,-80.3256056,27.4467056
goma,29.225652,-1.6665685
hanover,9.7385532,52.3744779
islamabad,73.0651511,33.6938118
juba,31.5959173,4.8459246
kano,8.5364136,11.8948389
lahad datu,118.3275533,5.0215726
malongo,33.875751,0.758484
nantes,-1.5541362,47.2186371
osaka,135.490357,34.6198813
parís,2.3483915,48.8534951
reno,-119.8126581,39.5261206
san antonio,-98.4951405,29.4246002
tallahassee,-84.2809332,30.4380832
venetie,12.3345898,45.4371908
whitehorse,-135.054932,60.721571
yakarta,106.8270488,-6.175247
acarigua,-69.2032823,9.5507961
bangor,-68.7713289,44.8016255
cape girardeau,-89.5230357,37.3034933
daytona beach,-81.0228331,29.2108147
ereván,44.5126233,40.1777112
fort simpson,-121.354276,61.8631427
harare,31.0601584,-17.8567035
islas de scilly,-6.309969286153118,49.91378315
juliaca,-70.1356177,-15.4932314
kansas city,-94.5781416,39.100105
lahore,74.3141829,31.5656822
malta,14.4476911,35.8885993
nantucket,-70.0951867,41.2727997
osaka,135.490357,34.6198813
parís,2.3483915,48.8534951
resolute,-94.840851,74.697029
san diego,-117.162772,32.7174202
tallin,24.7453688,59.4372155
veracruz,-96.666667,19.333333
wichita,-97.3375448,37.6922361
yeda,39.1653612,21.5810088
acra,-0.2012376,5.5571096
bangui,18.5835913,4.3635118
caracas,-66.9146008,10.5060934
decatur,-88.9524151,39.8454163
erfurt,11.0287364,50.9777974
fort smith,-94.4265011,35.3880338
goose bay,-60.416667,53.333333
harbin,126.6276177,45.7593633
islas de scilly,-6.309969286153118,49.91378315
juneau,-90.1218405,43.9532381
kansas city,-94.5781416,39.100105
lake charles,-93.2169807,30.2305095
manado,124.8408708,1.4900578
napakiak,-161.99711800484448,60.685224000000005
oshkosh,-88.5408574,44.0206919
pasco,-75.25,-10.5
riad,46.7160104,24.638916
san francisco,-122.4193286,37.7792588
tamanrasset,4.3208436,24.3753438
vernal,-109.528474,40.4556825
wichita falls,-98.5020777,33.9004572
yucatán,-89.74269714573893,18.801685900000003
adana,35.3252861,36.9863599
banjul,-16.575646,13.45535
cardiff,-3.1791934,51.4816546
deer lake,-76.0604916,40.6250914
erie,-80.0852695,42.1294712
fort wayne,-85.1386015,41.0799898
goroka,145.3932891,-6.0730028
harlingen,-97.6960599,26.1907543
islip,-73.2107266,40.7300685
jalisco,-103.6666671,20.3333331
kaohsiung,120.3120375,22.6203348
lanai city,-156.919785,20.826084
managua,-86.2737642,12.1544035
napaskiak,-161.75844567393023,60.706395
osijek,18.6953685,45.5548793
paso falso,-69.042389,-54.5491658
richmond,-77.43428,37.5385087
san francisco,-122.4193286,37.7792588
tampa,-82.458444,27.9477595
verona,10.9924122,45.4384958
wilmington,-75.546589,39.7459468
adelaida,138.5999312,-34.9281805
baotou,109.944912,40.6174777
carlsbad,-117.3505966,33.1580933
delhi,77.1716954,28.6273928
este londres,-54.9471163,-34.9328263
fort yukon,-145.273888,66.5647222
gotemburgo,11.9670171,57.7072326
harrisburg,-76.8861122,40.2663107
ithaca,-76.4968019,42.4396039
karachi,67.0207055,24.8546842
langkawi,99.7928634,6.3700386
manaos,-59.9825041,-3.1316333
nápoles,14.2487679,40.8358846
oslo,10.7389701,59.9133301
pau,-0.3685668,43.2957547
riga,24.1051846,56.9493977
san josé,-84.0795782,9.9325427
tampere,23.7603118,61.4980214
victoria,144.6780052,-36.5986096
windhoek,17.0772739,-22.5776104
adén,45.028504,12.789585
barbados,-59.5250305,13.1500331
cartagena,-75.5441671,10.4265566
delta,-95.6749486,33.3926893
eugene,-123.0950506,44.0505054
fortaleza,-38.5217989,-3.7304512
gran caimán,-81.17122162349,19.32984715
hartford,-72.6908547,41.764582
izmir,27.02997,38.23166
karaganda,74.1811272,49.1767322
lansing,-84.5553805,42.7337712
manchester,-2.2451148,53.4794892
nápoles,14.2487679,40.8358846
oslo,10.7389701,59.9133301
pedernal,-68.8065807,-32.0676324
riga,24.1051846,56.9493977
san juan,-66.116666,18.465299
tanana,-152.0699875547645,65.1730015
viena,16.3725042,48.2083537
windhoek,17.0772739,-22.5776104
adís abeba,38.7524127,9.0358287
barcelona,2.1774322,41.3828939
carúpano,-63.2542332,10.6493808
denver,-104.984862,39.7392364
evansville,-87.5715641,37.970495
fráncfort,8.6820917,50.1106444
gran canaria,-15.6062305376665,27.9580004
hartford,-72.6908547,41.764582
izmir,27.02997,38.23166
karup,9.1706768,56.3111225
lanzhou,103.733224,36.474436
manila,120.9799964,14.5906346
nashville,-86.7742984,36.1622767
oslo,10.7389701,59.9133301
penang,100.2559077,5.4065013
rímini,12.630749019254939,43.946543250000005
san juan,-66.116666,18.465299
tánger,-5.842961427833071,35.7642313
vientián,102.6133707,17.9640988
windsor,-83.0373389,42.3167397
adler,39.9237036,43.4253834
barcelona,2.1774322,41.3828939
ciudad libre,-75.6410715,4.6207079
des moines,-93.6249494,41.5868654
evenes,16.906967779768962,68.49686075
fredericton,-66.6432356,45.963233
gran turk,42.5936401,38.1247668
hartford,-72.6908547,41.764582
izmir,27.02997,38.23166
kasigluk,-162.52427921563023,60.886195
laredo,-99.5074517,27.5056251
manzanillo,-4.189038,41.586343
nassau,-73.5615778,40.7352994
osorno,-4.3609815,42.4106725
pensacola,-87.2169149,30.421309
río caído,-43.9413444,-23.0535663
san luis potosí,-100.4949145,22.5000001
tarapoto,-76.3598708,-6.4877198
vieques,-65.45746403129988,18.1215622
winnipeg,-97.1384584,49.8955367
agadir,-9.5838532,30.4205162
bardufoss,18.5159237,69.065637
casablanca,-7.6200284,33.5945144
detroit,-83.0466403,42.3315509
exeter,-3.5269209,50.7256138
fresno,-119.78483,36.7394421
granada,-3.5995337,37.1734995
hat yai,100.4689889,7.0074644
isla adak,-176.57442259513414,51.79622495
kassel,9.4924096,51.3154546
larnaca,33.6236184,34.9236095
maputo,32.56745,-25.966213
natal,-35.2080905,-5.805398
ostende,2.919496,51.2258565
peoria,-89.5891008,40.6938609
río de janeiro,-43.2093727,-22.9110137
san pedro sula,-88.0248937,15.5062156
taskent,69.2787079,41.3123363
villahermosa,-92.9366326,17.9884657
wrangell,-132.0432552,56.2045673
aguascalientes,-102.3726689,21.9942689
baréin,50.5344606,26.1551249
casablanca,-7.6200284,33.5945144
detroit,-83.0466403,42.3315509
el cairo,31.2357257,30.0443879
friedrichshafen,9.4800858,47.6500279
grand forks,-97.0306741,47.9252042
haugesund,5.2681249,59.413807
isla de bali,-15.6352154,27.7825393
katmandú,85.3205817,27.708317
las piedras,-56.2164982,-34.7274904
maracaibo,-71.6443596,10.6498095
neuchâtel,6.8243806,47.0099249
ottawa,-75.6901106,45.4208777
pereira,-75.6946778,4.8143159
río de janeiro,-43.2093727,-22.9110137
san petersburgo,30.316229,59.938732
tawau,117.885331,4.2435206
vilna,25.2829111,54.6870458
wuhan,114.2999353,30.5951051
ahmedabad,72.5800568,23.0215374
casper,-106.325138,42.8501191
detroit,-83.0466403,42.3315509
estambul,29.052495,41.0766019
grand rapids,-85.6678639,42.9632425
hay river,-115.7866099,60.8155874
isla johnston,-169.53386420606287,16.72889585
kenai,-151.20714472351614,60.560266
las vegas,-115.148516,36.1672559
maribor,15.6455854,46.5576439
new bern,-77.0441143,35.1084931
oxnard,-119.180381,34.1976308
perpiñán,2.8953121,42.6985304
río de janeiro,-43.2093727,-22.9110137
san salvador,-89.1914249,13.6989939
teesside,-1.4247903167173146,54.50941065
vitoria,-2.6724025,42.8465088
ajaccio,8.7376029,41.9263991
barinas,-69.97555523248431,8.1739775
catania,15.0873718,37.5023612
detroit,-83.0466403,42.3315509
estocolmo,18.0710935,59.3251172
grande prairie,-118.7949873,55.17108
hefei,117.281428,31.8665676
isla kauai,-159.55876775017003,22.050466550000003
kerman,57.301047,29.571858
las vegas,-115.148516,36.1672559
marietta,-84.5496148,33.9528472
newburgh,-74.0104179,41.5034271
perryville,-89.8645455,37.7275127
río gallegos,-69.26324254192167,-51.64607595
san vicente,-88.73969856525022,13.527493549999999
tegucigalpa,-87.2040052,14.1057433
vladivostok,131.8855768,43.1150678
akiachak,-161.4423257,60.9108566
barquisimeto,-69.3222293,10.0774374
cayena,-52.3258736,4.9371544
detroit,-83.0466403,42.3315509
estrasburgo,7.7507127,48.584614
grayling,-84.714637,44.661517
helena,-112.036277,46.5927425
isla mahe,55.49263800753758,-4.68379555
ketchikan,-131.6466819,55.3430696
launceston,147.1373496,-41.4340813
marion,-94.344488,32.7931661
newcastle,-1.6131572,54.9738474
perth,115.8605855,-31.9558933
rioja,-2.4674917,42.3285528
sanaa,44.2058841,15.3538569
teherán,51.3896004,35.6892523
varsovia,21.0067249,52.2319581
akiak,-161.21255318557024,60.9030685
barranquilla,-74.8231794084391,11.0101922
cebú,123.9019209,10.2935639
detroit city,-83.0466403,42.3315509
fuerte nelson,-70.3318132629885,-18.48058735
graz,15.4382786,47.0708678
helsingborg,12.703706,56.0442098
isla de santo tomé,-1.2037145,37.5753422
khabarovsk,135.0762968,48.4812568
lawton,-98.41787808099274,34.6030766
marquette,-87.6305899,46.4481521
newtok,-164.63737083970233,60.935154499999996
pescara,13.95759010584892,42.3102619
roanoke,-79.9414313,37.270973
sand point,-160.497568,55.3409245
akita,140.342608,39.6898802
barrow,-83.6996482,33.9848611
cedar city,-113.061827,37.6774238
detroit city,-83.0466403,42.3315509
fuerte san juan,-66.12422758764447,18.47084265
great falls,-111.29189,47.5048851
helsinki,24.9427473,60.1674881
isla san andrés,-105.09254872978156,19.52492165
kiev,30.5241361,50.4500336
le havre,0.1079732,49.4938975
marrakech,-7.9891608,31.6258257
niamey,2.109823,13.524834
peshawar,71.5787458,34.0123846
roatán,-86.5374787,16.3167373
sandakan,118.1158598,5.8391274
akron,-81.518485,41.083064
basilea,7.5878261,47.5581077
cedar rapids,-91.6704053,41.9758872
dhahran,50.1202146,26.2966528
fukuoka,130.6180016,33.6251241
green bay,-88.0125794,44.5126379
heraclión,25.1332843,35.33908
kiev,30.5241361,50.4500336
leeds,-1.5437941,53.7974185
marsella,5.3699525,43.2961743
nightmute,-164.81855537072101,60.496669499999996
petersburg,-77.3677408,37.1924594
rochester,-77.615214,43.157285
santa bárbara,-119.702667,34.4221319
temuco,-72.590546,-38.7362611
albaha,151.4161263,-33.380818
basora,80.19266819711319,24.48966275
chachapoyas,-77.8093378,-6.3718272
dhahran,50.1202146,26.2966528
funchal,-16.9086783,32.6496497
greensboro,-79.7919754,36.0726355
hermosillo,-111.44731686054334,28.96893455
islas shemya,174.1003202448324,52.72274555
kigali,30.061507,-1.950851
leinster,-6.991818291829787,53.11846495
marshall,-89.2998456,41.0324537
niigata,138.7669125,37.6452283
phnom penh,104.857807,11.5730391
rochester,-77.615214,43.157285
santa cruz,-16.2507843,28.467178
tenerife,-16.621447121144122,28.2935785
albany,-73.754968,42.6511674
bastia,9.4509187,42.6993979
dillingham,-158.4575,59.0397222
filadelfia,-75.1635262,39.9527237
greenville,-82.3984882,34.851354
hilo,-155.10037544637729,19.685445799999997
islas shetland,-1.333333,60.333333
kilimanjaro,37.3585248,-3.0643101
leipzig,12.3747329,51.3406321
martha’s vineyard,-70.62081381546194,41.39204545
nîmes,4.3600687,43.8374249
phoenix,-112.074141,33.4484367
rockford,-89.093966,42.2713945
santa cruz,-16.2507843,28.467178
tenerife,-16.621447121144122,28.2935785
albany,-73.754968,42.6511674
bastia,9.4509187,42.6993979
champaign,-88.2430932,40.1164841
djerba,4.9779426,36.8119071
florida,-81.4639835,27.7567667
greenville,-82.3984882,34.851354
hiroshima,132.4517589,34.3917241
isla toronto,-63.3799629,46.4524682
killeen,-97.727796,31.1171441
lethbridge,-112.8331033,49.6945782
mascate,58.3829448,23.5882019
ningbo,121.6203873,29.8622194
phoenix,-112.074141,33.4484367
rocky mount,-77.7956949,35.9423833
santa lucía,-60.975036,13.8250489
tenerife,-16.621447121144122,28.2935785
albuquerque,-106.650985,35.0841034
baton rouge,-91.1869659,30.4494155
changchun,125.3180998,43.8844201
doha,81.44660220014936,24.736770149999998
greenville,-82.3984882,34.851354
hohhot,111.6730788,40.8337963
islas carolinas,147.0,8.0
kimberley,24.7642251,-28.7383012
lhasa,91.1173015,29.6542054
mashhad,59.6059232,36.2974945
niš,21.8959232,43.3211301
phuket,98.3529292,7.9366015
roma,12.4829321,41.8933203
santa lucía,-60.975036,13.8250489
terceira,-27.217637988768217,38.72116535
aldea ártica,-1.6561966,42.8395504
battle creek,-85.1824269,42.3192548
changsha,113.2384362,28.1450774
dominica,-61.3653618,15.4113138
grenoble,5.7357819,45.1875602
holy cross,-90.9956855,42.6005516
kindu,29.1921784,-5.9289091
libreville,9.4418849,0.4086518
niza,7.2683912,43.7009358
pierre,-100.351136,44.3683644
roma,12.4829321,41.8933203
santa maría,-120.435857,34.9531295
terrace,-128.599548,54.5172715
alejandría,-75.1411601,6.3769175
bay city,-83.8888648,43.5944677
charleston,-79.9399309,32.7884363
dominica,-61.3653618,15.4113138
groningen,6.5680077,53.2190652
homer,-151.53168855491697,59.639059
king cover,-122.29767880133242,47.59044485
lieja,5.5736112,50.6450944
matamoros,-97.5064866,25.8810158
nome,-165.4242538141349,64.51282
pisa,10.679791173704576,43.4714722
roma,12.4829321,41.8933203
santiago,-70.6504502,-33.4377756
tesalónica,22.9352716,40.6403167
alejandrópolis,25.8778814,40.845666
beaumont,-94.1018461,30.0860459
charlotte,-80.8430827,35.2272086
dothan,-85.3934375,31.2237285
guadalajara,-103.338396,20.6720375
hong kong,114.1628131,22.2793278
king salm,46.6124547,24.7316056
matsuyama,132.7653521,33.8395188
norfolk,1.0,52.666667
pittsburgh,-79.9900861,40.4416941
roosevelt,-104.9709901,48.3069516
santiago de compostela,-8.51929826271505,42.90645755
texarkana,-94.07714830522015,33.44667445
alepo,37.1637253,36.19924
beaver,-80.3709999,40.6916624
chattanooga,-85.3094883,35.0457219
dresde,13.7381437,51.0493286
guam,144.7577087765826,13.45011745
honolulu,-157.855676,21.304547
kingston,-76.7928128,17.9712148
lilongwe,33.768144,-13.9875107
maturín,-63.1888854,9.7422774
norilsk,88.2096151,69.3444054
piura,-80.333333,-5.0
roswell,-84.360022,34.02332
santo domingo,-69.942111,18.4801972
thunder bay,-89.259796,48.406414
beef island,-83.9391212,46.1555672
chefornak,-164.25337767830175,60.153405
duala,9.7062018,4.0429389
guayaquil,-80.0983887437901,-2.2895167
hoolehua,-157.9542509,21.40761
kingston,-76.7928128,17.9712148
lima,-77.0365256,-12.0621065
mauricio,57.5703566,-20.2759451
norman wells,-126.832725,65.282401
platinum,-161.72290896746364,58.983492
rota,-6.3599595,36.6228636
santo domingo,-69.942111,18.4801972
tianjin,117.1913008,39.1175488
alicante,-0.4881708,38.3436365
beira,34.841782,-19.828707
cheju,112.701568,22.1996436
dubái,55.2924914,25.2653471
guernesey,-2.5812022503294356,49.46229125
hooper bay,-166.1071932,61.5288714
kinshasa,15.3125974,-4.3217055
limoges,1.2644847,45.8354243
mayagüez,-67.1391124,18.2011161
norrköping,16.1903511,58.5909124
plymouth,-4.1424451,50.3714122
róterdam,4.47775,51.9244424
santo tomé,6.7313031,0.3389242
tijuana,-117.019529,32.5317397
allakaket,-152.63774165217393,66.563802
beirut,35.47843,33.8959203
chengdu,104.0633717,30.6598628
dublín,-6.2605593,53.3493795
guilin,110.2910622,25.2779894
hoskins,-97.3061614,42.1122261
kipnuk,-164.02359501679086,59.931543500000004
lincoln,-96.7077751,40.8088861
mazatlán,-106.4208391,23.2035785
norwich,1.2923954,52.6285576
pocatello,-112.450627,42.8620287
ruan,1.0939658,49.4404591
sanya,37.1185237,-3.3402486
timișoara,21.2257474,45.7538355
allentown,-75.4712794,40.6022059
belém,-48.4682453,-1.45056
chetumal,-88.297144,18.5081738
duluth,-92.1251218,46.7729322
guiyang,106.6246178,26.6499922
houston,-95.3676974,29.7589382
kiruna,19.5,68.166667
linz,14.286198,48.3059078
mbandaka,18.2564803,0.0470732
novosibirsk,82.9226887,55.0288307
pohnpei,158.24061376394383,6.88704675
ruby,-155.50476832906566,64.7169375
são luís,-44.2963942,-2.5295265
tingo maría,-76.0003034,-9.2983713
alma ata,76.9457275,43.2363924
belfast,-5.9301829,54.596391
chevak,-165.58954393321886,61.5282605
durango,-104.833333,24.833333
gulfport,-89.0928155,30.3674198
houston,-95.3676974,29.7589382
kisangani,25.2057292,0.5184021
lisboa,-9.1365919,38.7077507
mbuji mayi,23.5998111,-6.1258942
nuakchot,-15.9780071,18.0792379
russian mission,-161.3562132752199,61.785848
são paulo,-46.6333824,-23.5506507
tobago,-60.67200597857749,11.24046155
alor setar,100.3683962,6.1231908
belfast,-5.9301829,54.596391
chiang mai,98.9858802,18.7882778
durango,-104.833333,24.833333
gunnison,-107.0603126,38.6476702
houston,-95.3676974,29.7589382
klagenfurt,14.3075976,46.623943
little rock,-92.2896267,34.7465071
mcallen,-98.2300605,26.204114
nueva orleans,-90.0782127,29.9759983
pointenoire,11.85641383086126,-4.793187700000001
río blanco,-97.15230926279011,18.8452371
são paulo,-46.6333824,-23.5506507
tokio,139.762221,35.6821936
altoona,-78.394736,40.518681
belgrado,20.4568974,44.8178131
chicago,-87.6244212,41.8755616
durban,31.009909,-29.861825
gwangju,126.8515034,35.1594647
hughes,-96.2749675,35.0458435
knoxville,-83.9210261,35.9603948
liverpool,-2.99168,53.4071991
mcgrath,-93.2729051,46.2400439
nueva york,-74.0060152,40.7127281
ponce,-66.613958,18.011564
são paulo,-46.6333824,-23.5506507
tokio,139.762221,35.6821936
amarillo,-101.8371192,35.20729
belice,-88.6859028,17.1204943
chicago,-87.6244212,41.8755616
düsseldorf,6.7763137,51.2254018
guerrero,-100.0,17.666667
humberside,-79.4925122,43.6576937
kochi,76.2454436,9.9674277
livingstone,25.861429,-17.853135
medan,98.6738261,3.5896654
nueva york,-74.0060152,40.7127281
ponta delgada,-25.672678266146384,37.74757445
são paulo,-46.6333824,-23.5506507
tokio,139.762221,35.6821936
amberes,4.3997081,51.2211097
belice,-88.6859028,17.1204943
chicago,-87.6244212,41.8755616
dutch harbor,-166.5418,53.8867533
guanajuato,-101.0,20.9876996
huntsville,-86.5859011,34.729847
kodiak,-152.407222,57.79
ljubljana,14.5069289,46.0500268
medellín,-75.60252574475943,6.2697018
nueva york,-74.0060152,40.7127281
pori,21.7972071,61.4866126
sapporo,141.3542924,43.061936
toksook bay,-165.12486694153483,60.4980385
amchitka,179.02991046752663,51.5049303
bellingham,-122.478836,48.7544012
chicago,-87.6244212,41.8755616
guatemala,-90.345759,15.5855545
huslia,-156.33060521546417,65.698446
komatsu,136.4495465,36.4032931
lobito,13.5464318,-12.3506867
medford,-71.1061639,42.4184296
nueva york,-74.0060152,40.7127281
porlamar,-63.8464509,10.9635839
sapporo,141.3542924,43.061936
tokushima,134.2509634,33.9196418
ammán,35.9239625,31.9515694
belo horizonte,-43.9450948,-19.9227318
chichen itzá,-88.5687196355205,20.68285195
hyannis,-70.2823732,41.6534847
kongiganak,-162.8833074925156,59.9587445
lomé,1.2516823732466333,6.15803455
nuevo laredo,-99.507425,27.4930246
port vila,168.3150163,-17.7414972
sapporo,141.3542924,43.061936
toledo,-4.0239356,39.8560597
amritsar,74.8736788,31.6343083
bengasi,7.6613021,45.0169671
chiclayo,-79.8387175,-6.7716146
hyderabad,78.4740613,17.360589
koror,134.4766767,7.343275
londres,-0.14405508452768728,51.4893335
meekatharra,118.92899437472782,-25.306263
nulato,-158.1030556,64.7194444
portland,-122.674194,45.5202471
sarasota,-82.5308545,27.3365805
tongatapu,-175.1981996527582,-21.1667068
ámsterdam,4.8924534,52.3730796
bergen,5.3259192,60.3943055
chico,-121.8374777,39.7284945
kosrae,162.9811154168676,5.314262149999999
long beach,-118.191604,33.7690164
mekoryuk,-166.185,60.3880556
numea,166.442419,-22.2745264
portland,-122.674194,45.5202471
sault ste. marie,-84.320068,46.52391
topeka,-95.677556,39.049011
ámsterdam,4.8924534,52.3730796
berlín,13.3989367,52.510885
chignik,-158.402222,56.2952778
kota kinabalu,116.0728988,5.9780066
loreto,13.6070214,43.439498
melbourne,144.9631732,-37.8142454
numea,166.442419,-22.2745264
porto,-8.6107884,41.1494512
savannah,-81.0921335,32.0790074
toronto,-79.3839347,43.6534817
anchorage,-149.894852,61.2163129
berlín,13.3989367,52.510885
chihuahua,-106.0000001,28.5000001
kotzebue,-162.5977621,66.8982057
los ángeles,-118.242766,34.0536909
melbourne,144.9631732,-37.8142454
nunapitchuk,-162.46044417302534,60.876549499999996
porto alegre,-51.2303767,-30.0324999
scammon bay,-165.58373182717844,61.842278500000006
toronto,-79.3839347,43.6534817
ancona,13.218790609151764,43.480120400000004
berlín,13.3989367,52.510885
chisholm,-92.883528,47.489926
koyukuk,-157.69742699347248,64.8956515
los ángeles,-118.242766,34.0536909
melbourne,144.9631732,-37.8142454
núremberg,11.077298,49.453872
porto velho,-63.8735438,-8.7494525
scranton,-75.6621294,41.4086874
torreón,-103.410512,25.542698
andahuaylas,-73.4285412,-13.7776943
berlín,13.3989367,52.510885
chittagong,91.8839938,22.6800466
krasnoyarsk,92.872586,56.0091173
los mochis,-108.990188,25.7928058
melbourne,144.9631732,-37.8142454
praga,14.4212535,50.0874654
seattle,-122.330062,47.6038321
tottori,133.8678525,35.3555075
anguila,-63.0750234,18.1954947
bermudas,-64.7815286,32.2937417
chongqing,107.8748712,30.05518
kristiansand,7.93185802875815,58.085627599999995
louisville,-85.759407,38.2542376
memphis,-90.0517638,35.1460249
presque isle,-83.9567881,45.3375258
sedona,-111.8137097,34.8629426
toulon,5.9304919,43.1257311
aniak,-159.5364417,61.5808901
berna,7.4521749,46.9484742
christchurch,172.6364343,-43.530955
kuala lumpur,101.6942371,3.1516964
lourdes,-0.0464975,43.0940904
mendoza,-68.43818677312292,-34.787093049999996
prince george,-122.7453699,53.9128645
seldovia,-151.7111351224343,59.440059
toulouse,1.4442469,43.6044622
ankang,109.0177837,32.7064648
bethel,-161.755833,60.7922222
chuathbaluk,-159.241953,61.5721078
kuching,110.345397,1.5597561
luanda,13.2439512,-8.8272699
mérida,-89.6237402,20.9670759
prince rupert,-130.32549,54.3126572
sendai,140.8691498,38.2677554
toyama,137.2183531,36.6468015
ankara,32.8540497,39.9207759
bettles,-151.5349219527285,66.90456449999999
cincinnati,-84.5124602,39.1014537
kumamoto,130.6341345,32.6450475
lubbock,-101.8470215,33.5855677
mérida,-89.6237402,20.9670759
providence,-71.4128343,41.8239891
traverse city,-85.6165976,44.7606481
ankara,32.8540497,39.9207759
biak,136.0816321,-1.1836086
ciudad del cabo,18.417396,-33.928992
kunming,102.7086139,25.0363006
lubumbashi,27.4826264,-11.6642316
meridian,-88.703656,32.3643098
providenciales,-72.30044556984475,21.8020614
seúl,126.9782914,37.5666791
trenton,-74.7659,40.2203074
annecy,6.1288847,45.8992348
biarritz,-1.552726590666314,43.471143749999996
ciudad del carmen,-91.81492,18.651739
kuopio,27.593200574793077,62.82411705
lucknow,80.9346001,26.8381
miami,-80.19362,25.7741728
prudhoe bay,-148.397837,70.2450108
sevilla,-5.9953403,37.3886303
tricity,18.42742296309622,54.56237575
antalya,30.7029585,36.8864752
bilbao,-2.9350039,43.2630018
cleveland,-81.6936772,41.4996574
kushiro,144.3820381,42.9906837
ludwigshafen,8.4381568,49.4704113
miami,-80.19362,25.7741728
pucallpa,-74.5387507,-8.3820737
seward,-100.8928434,37.1850331
trieste,13.7772781,45.6496485
antananarivo,47.5255809,-18.9100122
billings,-108.49607,45.7874957
cleveland,-81.6936772,41.4996574
kuujjuarapik,-77.7562771,55.282124
lugano,8.9520281,46.0050102
miami,-80.19362,25.7741728
puebla,-98.0,18.833333
shageluk,-159.55356400084827,62.667038
trípoli,13.1777923,32.896672
antigua,-5.6899182,42.1791551
billund,9.1195835,55.7247018
cochabamba,-66.16756808852,-17.401245799999998
kuwait,47.9734174,29.3796532
luleå,22.1459535,65.5831187
midland,-102.0103767,31.83688
puerto ayacucho,-67.6000791,5.655167
shanghái,121.4700152,31.2312707
trivandrum,76.947551,8.4882267
antofagasta,-69.0842783,-23.6041314
binghamton,-75.9125187,42.098698
cochin,76.2454436,9.9674277
kwajalein,167.5740472,9.1257934
lumid pau,-59.43769534810846,2.3942004
puerto cabello,-68.0436682,10.4677932
shannon,-91.4328245,37.1498052
trombetas,-48.1810083,-1.0390917
anvik,-160.2116540756542,62.651504
bintulu,113.0472803,3.1874261
coeur d’alene,-116.7811531,47.6742994
kwethluk,-161.41274791988354,60.798826000000005
lusaka,28.2818414,-15.4163395
milán,9.1896346,45.4641943
puerto elizabeth,-90.3123187,-0.7462607
shantou,116.6775856,23.3563921
tromsø,18.9558585,69.6516345
aomori,140.590121,40.886943
birmingham,-1.9026911,52.4796992
cold bay,-162.74047820061134,55.199447500000005
kwigillingok,-163.1495590844156,59.877165500000004
luxemburgo,6.129799,49.6112768
milán,9.1896346,45.4641943
puerto escondido,-97.0726428,15.8693331
sharjah,54.21900831355923,25.2311534
trondheim,10.3952118,63.4304475
apia,-171.7649144,-13.8344639
birmingham,-1.9026911,52.4796992
colima,-104.0,19.166667
luxor,32.647186,25.702096
milán,9.1896346,45.4641943
puerto españa,-61.5180173,10.6572678
shenyang,123.4279105,41.8026095
trujillo,-5.8816626,39.4605657
appleton,-88.4069744,44.2613967
bisáu,-15.583055,11.861324
college station,-96.3455991,30.6183939
lyon,4.8320114,45.7578137
milán,9.1896346,45.4641943
puerto gentil,-6.2987554,36.5306601
shenzhen,114.0545429,22.5445741
truk,-15.7870531,23.901518
aqaba,35.0075433,29.5266483
blantyre,35.0035694,-15.7862543
colombo,79.8542005,6.9388614
milán,9.1896346,45.4641943
puerto graham,-73.9431303,40.7068784
shijiazhuang,114.5088385,38.0429742
tucson,-110.974847,32.2228765
arcata,-124.08284,40.866517
bloemfontein,26.215496,-29.116395
colonia,-57.8433679,-34.4698592
milford,-73.0570603,41.2222218
shiraz,52.5378041,29.6060218
tulsa,-95.9927516,36.1563122
arecibo,-66.7161704,18.471975
bloomington,-88.9939147,40.4797828
colorado springs,-104.825348,38.8339578
milwaukee,-87.9090751,43.0386475
shreveport,-93.7477839,32.5135356
tuluksak,-160.94683160934488,61.108486
arequipa,-71.5369607,-16.3988667
boa vista,-60.6719582,2.8208478
columbia,-72.9088133,4.099917
minatitlán,-94.5567103,17.992773
sibu,111.87658661205317,2.29220955
tumbes,-80.5,-3.833333
argel,3.0588291,36.7729309
bodø,13.915441997137794,67.3094783
columbia,-72.9088133,4.099917
mineralnye vody,43.134969,44.2107377
puerto libre,-77.51464965683905,0.18612745
sídney,151.2082848,-33.8698439
túnez,10.1857757,36.8002068
arica,-70.3211394,-18.4785288
bogotá,-74.0836333,4.6533816
columbus,-83.0007065,39.9622601
minneapolis,-93.2654692,44.9772995
puerto maldonado,-69.1866773,-12.5938633
simferópol,34.1024858,44.9521459
aruba,-69.9618475,12.5013629
boise,-116.200886,43.6166163
columbus,-83.0007065,39.9622601
minot,4.8786165,47.6698594
puerto montt,-72.9395915,-41.471798
singapur,103.8519072,1.2899175
tununak,-165.24728904992503,60.573679999999996
ascensión,-14.363118886394432,-7.94110725
bolonia,11.3426327,44.4938203
columbus,-83.0007065,39.9622601
minsk,27.5618225,53.9024716
puerto moresby,147.1599504,-9.4743301
singapur,103.8519072,1.2899175
turín,7.6824892,45.0677551
asheville,-82.5508407,35.595363
bombay,72.82810491917377,18.9733536
conakri,-13.6998434,9.5170602
miri,113.9880255,4.392739
puerto ordaz,-62.7558263,8.2750351
singapur,103.8519072,1.2899175
turku,22.2670522,60.4517531
ashikawa,141.742792,45.188943
bonaire,-68.28764385602938,12.167
concepción,-73.0502399,-36.8270795
missoula,-113.995267,46.8701049
puerto plata,-70.69167680888046,19.7101367
sint maarten,-63.0549948,18.0423736
tuscaloosa,-87.5675258,33.2095614
ashland,-90.6802594,46.2062319
boston,-71.060511,42.3554334
copenhague,12.5700724,55.6867243
miyazaki,131.294542,32.097681
puerto príncipe,-72.3395928,18.547327
sioux falls,-96.7293629,43.5476008
tuxtla gutiérrez,-93.115959,16.753801
asmara,38.9326763,15.3389667
boulder,-105.270545,40.0149856
copenhague,12.5700724,55.6867243
mobile,-88.0437509,30.6913462
puerto vallarta,-105.220306,20.6407176
sitka,-135.337612,57.0524973
twin falls,-114.4700684,42.5558542
asturias,-5.94192,43.3133868
bourlamaque,-77.7729358,48.0957475
copiapó,-70.3322753,-27.3664685
moline,-90.5136642,41.5058344
punta arenas,-70.907822,-53.1625688
sleetmute,-157.12571196468002,61.646537
tyler,-94.3984613,30.7563939
asuán,32.897306,24.091071
bournemouth,-1.8799118,50.7201514
córdoba,-4.7760138,37.8845813
mombasa,39.667169,-4.05052
pusan,129.0752365,35.1799528
sofía,48.2562163,-15.2538402
tabasco,-92.6681659,17.9999288
asunción,-57.6343814,-25.2800459
bozeman,-111.044047,45.6794293
cork,-8.4654674,51.897077
moncton,-64.8004265,46.0985679
pyongyang,125.7473609,39.0167979
sokoto,5.3152203,13.0611195
tamaulipas,-98.7026825,23.9891553
atenas,-84.3990262636859,9.979493399999999
bradley,-84.855938,35.1694469
corning,-77.0543408,42.1435257
monroe,-75.3249475,41.0400423
pekín,116.412144,40.190632
soldotna,-151.065349,60.4847228
texas,-98.5456116,31.2638905
atlanta,-84.3902644,33.7489924
brainerd,-94.2008288,46.3580221
coro,-69.6679115,11.4055796
monrovia,-10.797788,6.328034
sonderborg,9.7897999,54.9089186
toluca,-99.6569007,19.292545
atlanta,-84.3902644,33.7489924
brasilia,-53.2,-10.3333333
corpus christi,-97.4033191,27.7635302
monrovia,-10.797788,6.328034
philadelphia,-75.1635262,39.9527237
sondre strømfjord,-50.6913356,67.0086767
atlanta,-84.3902644,33.7489924
bratislava,17.139658691421687,48.15926025
corpus christi,-97.4033191,27.7635302
montego bay,-77.9217357,18.4724603
south bend,-86.2500066,41.6833813
atlantic city,-74.4229351,39.3642852
brazzaville,15.262788,-4.1875125
corpus christi,-97.4033191,27.7635302
monterrey,-100.315258,25.6802019
springfield,-89.6439575,39.7990175
atlantic city,-74.4229351,39.3642852
bremen,8.8071646,53.0758196
cotonú,8.7379462,41.7849785
montevideo,-56.1913095,-34.9058916
springfield,-89.6439575,39.7990175
atmautluak,-162.2826096513686,60.861776000000006
brest,-4.4860088,48.3905283
coyhaique,-72.0684863,-45.5711804
montgomery,-75.3702305,40.2154361
st. george,-113.584131,37.104153
auckland,174.7631803,-36.852095
bridgeport,-73.1887863,41.1792695
cozumel,-86.92069058377268,20.4320599
montpellier,3.8767337,43.6112422
st. johns,-61.8448509,17.1184569
augusta,-81.9748429,33.4709714
brisbane,153.0234991,-27.4689682
crooked creek,-158.1257187947944,61.847117
montreal,-73.5698065,45.5031824
st. kitts,-62.74468058526273,17.31569295
austin,-97.7436995,30.2711286
bristol,-2.5972985,51.4538022
cruzeiro do sul,-51.9917068,-29.5139742
montreal,-73.5698065,45.5031824
st. louis,-90.1910154,38.6280278
ayacucho,-74.0,-14.0
brownsville,-97.4981698,25.9024289
cuenca,-2.1313528,40.0661031
montreal,-73.5698065,45.5031824
st. mary’s,-6.292879121335639,49.92034085
bruselas,4.3512333761166175,50.8550018
cuiabá,-56.0991301,-15.5986686
morelia,-101.1923818,19.7027116
st. thomas,-64.91889970060265,18.34290815
arizona,-111.763275,34.395342
bucaramanga,-73.1047294009737,7.16698415
culebra,-65.3000989,18.3030519
moroni,43.2543044,-11.6931255
sta. cruz huatulco,-96.13481922385607,15.749996150000001
bucarest,26.1027202,44.4361414
culiacán,-107.393395,24.7978965
moroni,43.2543044,-11.6931255
stavanger,5.7318101,58.9699675
bucarest,26.1027202,44.4361414
cumaná,-64.1578046,10.4495706
moscú,37.6174782,55.7505412
steamboat springs,-106.831735,40.4848003
bucarest,26.1027202,44.4361414
curazao,-69.04089204044595,12.21351355
moscú,37.6174782,55.7505412
stevens village,-149.1100424574468,66.030484
budapest,19.0402383,47.4978789
curitiba,-49.2712724,-25.4295963
moscú,37.6174782,55.7505412
stockton,-121.290779,37.9577016
buenos aires,-58.4432852,-34.6073387
cuzco,-71.97927120704406,-13.51695415
moscú,37.6174782,55.7505412
stony river,-156.58802403101154,61.792114999999995
buenos aires,-58.4432852,-34.6073387
cantón,113.2592945,23.1301964
mount hagen,144.2316365,-5.858784
stuttgart,9.1800132,48.7784485
buenos aires,-58.4432852,-34.6073387
ciudad de guatemala,-90.5132836,14.6416142
mulhouse,7.3389937,47.7467233
sudbury,-80.991211,46.49272
bulawayo,28.5426856,-20.1053948
ciudad ho chi minh,106.7011391,10.7763897
múnich,11.5753822,48.1371079
sukhum,41.0192741,43.0033629
bundaberg,152.3516785,-24.8653253
cataratas del iguazú,-54.44111443902037,-25.69253235
münster,7.6251879,51.9625101
sundsvall,17.3071024,62.3907552
burbank,-118.307201,34.1812089
ciudad de méxico,-99.1331785,19.4326296
muskegon,-86.129351,43.2484584
surabaya,112.7378266,-7.2459717
burdeos,-0.5800364,44.841225
cataratas del niágara,-70.9038851,-53.1307359
myrtle beach,-78.8900409,33.6956461
suva,178.4421662,-18.1415884
burlington,-73.212906,44.4761601
ciudad de oklahoma,-97.5170536,35.4729886
sverdlovsk,60.60825,56.839104
bushehr,51.3204877,28.8936645
ciudad de panamá,-79.5341802,8.9714493
syracuse,-76.1474244,43.0481221
butte,-121.5858444,39.6519275
california,-118.755997,36.7014631
sonora,-110.6666671,29.3333331
buyumbura,29.3675028,-3.3638125
callao,-77.15,-12.066667
sinaloa,-107.5000001,25.0000001
campeche,-90.5,19.0
coahuila,-102.0000001,27.3333331
baja california,-115.1425107,30.0338923
ciudad obregón,-109.9337782,27.4846619
ciudad juarez,-106.485655,31.7372575
